"p0","model","KL","CRPS","pplc","runtime"
0.15,"direct_regression",2.1356330100983,0.255165595974978,260.628221664363,11.907
0.15,"transfer_function",2.03698913004444,0.153093351319732,162.692262828477,13.097
0.5,"direct_regression",2.06845579090955,2.66568488359384,2193.45549227982,11.665
0.5,"transfer_function",1.98033887708262,1.35056528745811,1110.18340094111,13.023
