"p0","model","KL","CRPS","pplc","runtime"
0.15,"direct_regression",0.49939186586976,0.209769393343264,205.06723498702,11.989
0.15,"transfer_function",0.805185187159144,0.20394555576386,195.290514607941,13.226
0.5,"direct_regression",0.290758589643482,2.38421719948972,1963.99595575138,12.243
0.5,"transfer_function",0.519608081607716,2.16030146454532,1797.12870420276,12.888
