"p0","model","KL","CRPS","pplc","runtime"
0.15,"direct_regression",0.805099414584018,0.23503578177754,239.755038263269,12.17
0.15,"transfer_function",1.2177694666758,0.201380547006311,200.311712290566,13.436
0.5,"direct_regression",0.598023780190837,2.58869928892542,2136.17970062314,12.045
0.5,"transfer_function",0.901125454667481,2.13394352520812,1771.77405508047,13.113
