"kernel","n_chains","n_burn","n_mcmc","runtime_total_sec","runtime_mean_sec","sigma_mean","sigma_q025","sigma_q975","gamma_mean","gamma_q025","gamma_q975","sigma_rhat","gamma_rhat","sigma_ess","gamma_ess","chain_mean_sigma_sd","chain_mean_gamma_sd","accept_total_mean","accept_total_min","accept_total_max","vb_init_method"
"slice",4,2000,1000,318.709,79.67725,0.371308053535356,0.286133434874423,0.463243870460221,-0.0739598017022013,-0.473437502343609,0.23935763880573,1.00888863162832,1.04052428161956,940.196466143606,164.586012839926,0.00441290496793433,0.032917915708241,NA,NA,NA,"ldvb"
"laplace_rw",4,2000,1000,161.253,40.31325,0.35759859000417,0.22687432469133,0.454452089583905,-0.0325895581382368,-0.663798516419305,0.534404857867954,1.09087653961249,1.15877604620005,128.937894725342,38.1232288629385,0.015526299839341,0.0923986751118626,0.329666666666667,0.306333333333333,0.379,"ldvb"
