"observed_end_time","first_forecast_time","data_time_step","time_gap","observed_q025","forecast_q025","q025_jump","observed_q500","forecast_q500","q500_jump","observed_q975","forecast_q975","q975_jump"
1972,1973,1,1,576.854243805222,576.354162205323,-0.500081599898522,578.753129445497,578.935416133436,0.182286687938699,580.641867038426,580.643102662151,0.00123562372527886
