"kernel","chain","seed","runtime_sec","gamma_mean","gamma_q025","gamma_q975","accept_total","accept_burn","accept_keep","vb_init_method"
"slice",1,20261403,24.38,-0.000816222469608384,-0.304030950604139,0.317545875676592,NA,NA,NA,"ldvb"
"slice",2,20261404,23.875,-0.0391530947597664,-0.272405255984661,0.151429678986499,NA,NA,NA,"ldvb"
"slice",3,20261405,24.288,-0.033423834857595,-0.240034767294545,0.260930961820122,NA,NA,NA,"ldvb"
"slice",4,20261406,24.13,0.018130477119272,-0.24575900811117,0.33899823632665,NA,NA,NA,"ldvb"
"laplace_rw",1,20261503,18.837,-0.0222669366582332,-0.204887155553973,0.192386389387979,0.346666666666667,0.361,0.318,"ldvb"
"laplace_rw",2,20261504,18.964,-0.0333377117634478,-0.272466703525423,0.190895818060303,0.372,0.413,0.29,"ldvb"
"laplace_rw",3,20261505,18.731,-0.0490548575588757,-0.337210939317028,0.347708449436025,0.387333333333333,0.403,0.356,"ldvb"
"laplace_rw",4,20261506,19.001,-0.0241821160928605,-0.217163783277079,0.222112968061251,0.356666666666667,0.391,0.288,"ldvb"
