"observed_end_time","first_forecast_time","data_time_step","time_gap","observed_q025","forecast_q025","q025_jump","observed_q500","forecast_q500","q500_jump","observed_q975","forecast_q975","q975_jump"
1972,1973,1,1,576.902725124645,576.225575312453,-0.677149812192283,578.775125548344,578.891031349144,0.115905800800306,580.625196059195,580.508684846837,-0.116511212357864
