"kernel","chain","seed","runtime_sec","sigma_mean","sigma_q025","sigma_q975","gamma_mean","gamma_q025","gamma_q975","accept_total","accept_burn","accept_keep","vb_init_method"
"slice",1,20261403,22.986,0.372326485744503,0.277600551446529,0.468293581013373,-0.03967889701937,-0.460340761066756,0.378970883171914,NA,NA,NA,"ldvb"
"slice",2,20261404,21.422,0.370206132701971,0.292224361457761,0.465070471829176,-0.0621112742094454,-0.423392705860459,0.300976875827902,NA,NA,NA,"ldvb"
"slice",3,20261405,23.132,0.376308472551057,0.286341536543488,0.484781061317324,-0.0858820913081809,-0.505665321600236,0.213782337387817,NA,NA,NA,"ldvb"
"slice",4,20261406,21.179,0.378631161064136,0.302772021798635,0.473543074464698,0.0098649340241301,-0.244398267680002,0.282514253157711,NA,NA,NA,"ldvb"
"laplace_rw",1,20261503,16.48,0.334069046516381,0.195820332939637,0.460359273114702,-0.240884282893991,-0.697911123248011,0.0985160248597698,0.362666666666667,0.359,0.37,"ldvb"
"laplace_rw",2,20261504,17.097,0.367543862649005,0.279605342978426,0.461529444497267,-0.104572309044324,-0.245482631230318,0.130910722477726,0.324,0.342,0.288,"ldvb"
"laplace_rw",3,20261505,17.265,0.374761284589837,0.273443141922556,0.475340477493113,-0.0487311141533132,-0.412223551983104,0.382219409798978,0.34,0.335,0.35,"ldvb"
"laplace_rw",4,20261506,16.378,0.38480619477145,0.311465198577156,0.466888813156429,0.0643343177733006,-0.157635169625766,0.44869751822791,0.360666666666667,0.375,0.332,"ldvb"
