"observed_end_time","first_forecast_time","data_time_step","time_gap","observed_q025","forecast_q025","q025_jump","observed_q500","forecast_q500","q500_jump","observed_q975","forecast_q975","q975_jump"
1972,1973,1,1,576.845897262229,576.295468464172,-0.5504287980566,578.812943626592,578.877453792746,0.0645101661539229,580.632046830698,580.565058454854,-0.0669883758431524
