"observed_end_time","first_forecast_time","data_time_step","time_gap","observed_q025","forecast_q025","q025_jump","observed_q500","forecast_q500","q500_jump","observed_q975","forecast_q975","q975_jump"
1972,1973,1,1,576.714282450671,576.33339586829,-0.380886582381095,578.724948101413,578.863829922537,0.138881821124414,580.59520834712,580.598510019863,0.00330167274273663
