"observed_end_time","first_forecast_time","data_time_step","time_gap","observed_q025","forecast_q025","q025_jump","observed_q500","forecast_q500","q500_jump","observed_q975","forecast_q975","q975_jump"
1972,1973,1,1,576.784388656532,576.312696138975,-0.471692517556107,578.806433074957,578.878720469757,0.0722873947999005,580.583050015028,580.523085403085,-0.0599646119428598
