"model","method","runtime_sec","KL","CRPS","pplc","backend_profile","posterior_draws","burn_in","n_burn","n_mcmc"
"DQLM","VB",43.253,0.143596948636876,12.5322464653898,5002.31609589191,"B",3000,NA,2000,3000
"exDQLM","VB",144.596,0.134612534620169,17.6349426570782,9745.10918471666,"B",3000,NA,2000,3000
"DQLM","MCMC",188.12,0.13643772833155,11.9352205381116,4030.83085833736,"B",3000,2000,2000,3000
"exDQLM","MCMC",245.826,0.196237281142515,5.10715670490162,2297.17290548867,"B",3000,2000,2000,3000
