"model","KL","pplc","run_time_seconds"
"M1_dqlm_isvb",0.126746102495197,1934.26082608599,27.49
"M2_exdqlm_isvb",0.185678529124639,1697.19800878465,75.447
