"model","KL","CRPS","pplc","run_time_seconds"
"M1_dqlm_ldvb",0.143852712514997,8.62425572560541,3906.54846989367,22.891
"M2_exdqlm_ldvb",0.0781672897880017,6.41612918057875,2350.27689194409,104.092
