"model","KL","CRPS","pplc","run_time_seconds"
"M1_dqlm_ldvb",0.0589376446458066,8.68939976875298,3909.23885476308,24.7
"M2_exdqlm_ldvb",0.0374021814722116,6.4732658686321,2342.11262005643,107.163
