"model","KL","pplc","run_time_seconds"
"M1_dqlm_isvb",0.0613451377690531,1960.98017252973,27.669
"M2_exdqlm_isvb",0.113378652284143,1677.35357424994,74.157
