"model","method","runtime_sec","KL","CRPS","pplc","backend_profile","posterior_draws","burn_in","n_burn","n_mcmc"
"DQLM","VB",38.094,0.249581743437122,17.5387428861245,7107.65297479911,"B",3000,NA,2000,3000
"exDQLM","VB",154.457,0.254396836505106,12.6791735692726,6154.986102662,"B",3000,NA,2000,3000
"DQLM","MCMC",185.809,0.237999603377991,17.4973947816324,6629.1942008288,"B",3000,2000,2000,3000
"exDQLM","MCMC",246.199,0.3412954726211,8.012076926208,3526.76068451106,"B",3000,2000,2000,3000
