"model","KL","CRPS","pplc","run_time_seconds"
"M1_dqlm_ldvb",0.0778570249994614,8.7087307786673,3925.83388745083,8.858
"M2_exdqlm_ldvb",0.150371924402221,6.45563237950017,2359.53977415906,114.095
