"method","lower_95","median","upper_95","mean","sd","n_draws"
"ISVB",-3.88697955908908,-3.86503472458318,-3.83976507503713,-3.86418981964753,0.012362286885843,200
"LDVB",-0.683435653631205,-0.633853285466083,-0.587197491141318,-0.634234172287703,0.0273580639473177,200
