"model","method","runtime_sec","KL","CRPS","pplc","backend_profile","posterior_draws","burn_in","n_burn","n_mcmc"
"DQLM","LDVB",23.894,0.15533010572088,8.7116286699431,3911.2512992911,"B",3000,NA,2000,3000
"exDQLM","LDVB",112.18,0.104678951464252,6.49274713738941,2351.82899322561,"B",3000,NA,2000,3000
"DQLM","MCMC",282.454,0.178718259379816,7.74524627487715,3022.73030207269,"B",3000,2000,2000,3000
"exDQLM","MCMC",360.835,0.183514788106896,5.20033631109114,2234.3934736559,"B",3000,2000,2000,3000
