"model","method","runtime_sec","KL","CRPS","pplc","backend_profile","posterior_draws","burn_in","n_burn","n_mcmc"
"DQLM","VB",9.522,0.143852712514943,8.58804001942132,3909.44552293891,"B",3000,NA,2000,3000
"exDQLM","VB",113.551,0.0781733537061702,6.42395218484978,2346.48959766704,"B",3000,NA,2000,3000
"DQLM","MCMC",266.155,0.135603759002598,7.66373845036673,3048.09183924352,"B",3000,2000,2000,3000
"exDQLM","MCMC",330.913,0.111116800825848,5.0690491756474,2186.74344418465,"B",3000,2000,2000,3000
