"model","method","runtime_sec","KL","CRPS","pplc","backend_profile","n_burn","n_mcmc"
"DQLM","VB",8.858,0.150838586164228,8.7087307786673,3925.83388745083,"B",1000,300
"exDQLM","VB",114.095,0.107065851079543,6.45563237950017,2359.53977415906,"B",1000,300
"DQLM","MCMC",73.597,0.122759301478044,7.75079738263465,3011.83558557671,"B",1000,300
"exDQLM","MCMC",93.174,0.143504348073056,4.97314584908261,2126.91746681412,"B",1000,300
