"trend_df","seasonal_df","KL"
0.9,0.85,0.0562385046988442
0.9,0.9,0.0739464476953719
0.9,0.95,0.0338774057270844
0.9,1,0.190869131240943
