"model","KL","CRPS","pplc","run_time_seconds"
"M1_dqlm_ldvb",0.322046520631222,17.5075973027651,9442.97715640705,182.6
"M2_exdqlm_ldvb",0.221715981791856,386.008224746321,183635.016677995,268.405
