"model","method","runtime_sec","KL","CRPS","pplc","backend_profile","posterior_draws","burn_in","n_burn","n_mcmc"
"DQLM","LDVB",24.7,0.0589376446458066,8.68939976875298,3909.23885476308,"B",3000,NA,2000,3000
"exDQLM","LDVB",107.163,0.0374021814722116,6.4732658686321,2342.11262005643,"B",3000,NA,2000,3000
"DQLM","MCMC",268.386,0.101385027576855,7.75873307401733,3036.2477916541,"B",3000,2000,2000,3000
"exDQLM","MCMC",322.343,0.17749361904099,5.21982762581548,2247.14531841108,"B",3000,2000,2000,3000
