"method","lower_95","median","upper_95","mean","sd","n_draws"
"ISVB",-3.89078389872921,-3.86795453380151,-3.8389830420637,-3.86603309720408,0.0133441251830096,3000
"LDVB",-0.695123731212309,-0.635012178047358,-0.573483830110311,-0.635110320464424,0.0311868417219069,3000
