"trend_df","seasonal_df","KL"
0.9,0.85,0.182766285795941
0.9,0.9,0.367723698433651
0.9,0.95,0.430880738543788
0.9,1,0.740570025002555
