"trend_df","seasonal_df","CRPS","KL","rank_CRPS","rank_KL"
0.9,0.85,6.47451847465363,0.104678951464252,1,1
0.9,0.9,8.49978285625043,0.156574086582974,2,2
0.9,0.95,12.6829869017984,0.166462842631649,3,3
0.9,1,20.3204087543981,0.263164757837329,4,4
