"trend_df","seasonal_df","CRPS","KL","rank_CRPS","rank_KL"
0.9,0.85,6.50309717207555,0.104678951464252,1,1
0.9,0.9,8.51350211501642,0.156574086582974,2,2
0.9,0.95,12.7024322623673,0.166462842631649,3,3
0.9,1,20.3340388034661,0.263164757837329,4,4
