"model","KL","CRPS","pplc","run_time_seconds"
"M1_dqlm_ldvb",0.249581743437122,17.5387428861245,7107.65297479911,38.094
"M2_exdqlm_ldvb",0.254396836505106,12.6791735692726,6154.986102662,154.457
