"trend_df","seasonal_df","CRPS","KL","rank_CRPS","rank_KL"
0.9,0.85,14.4157469796531,0.141282911778597,3,2
0.9,0.9,13.8112444980154,0.110718321166573,2,1
0.9,0.95,13.1389622069932,0.209911506040569,1,3
0.9,1,16.6117808635228,0.288127576611515,4,4
