"model","method","runtime_sec","KL","CRPS","pplc","backend_profile","posterior_draws","burn_in","n_burn","n_mcmc"
"DQLM","LDVB",22.709,0.132895085748399,8.53488223093564,3855.97016170204,"B",3000,NA,2000,3000
"exDQLM","LDVB",104.015,0.119757266189303,6.26846172983077,2328.00914782593,"B",3000,NA,2000,3000
"DQLM","MCMC",267.877,0.151737723026983,7.58165414464209,2990.76357201459,"B",3000,2000,2000,3000
"exDQLM","MCMC",325.526,0.164452030290305,5.0949967530661,2186.26375542727,"B",3000,2000,2000,3000
