"trend_df","seasonal_df","CRPS","KL","rank_CRPS","rank_KL"
0.9,0.85,6.40836704659953,0.0781733537061702,1,1
0.9,0.9,8.43595702920066,0.120861198500057,2,2
0.9,0.95,12.5506840364877,0.193303093779284,3,3
0.9,1,20.1455005749034,0.270500950774189,4,4
