"model","KL","pplc","run_time_seconds"
"M1_dqlm_isvb",0.116313749687362,1952.05065105019,27.667
"M2_exdqlm_isvb",0.203930975756225,1678.96233193608,78.5120000000001
