"model","KL","pplc","run_time_seconds"
"M1_dqlm_ldvb",0.0812948737223155,3955.38903349928,8.64999999999998
"M2_exdqlm_ldvb",0.00236724126405621,2356.84351504549,112.655
