"model","KL","CRPS","pplc","run_time_seconds"
"M1_dqlm_ldvb",0.132895085748399,8.53488223093564,3855.97016170204,22.709
"M2_exdqlm_ldvb",0.119757266189303,6.26846172983077,2328.00914782593,104.015
