"model","KL","CRPS","pplc","run_time_seconds"
"M1_dqlm_ldvb",0.143852712514943,8.58804001942132,3909.44552293891,9.522
"M2_exdqlm_ldvb",0.0781733537061702,6.42395218484978,2346.48959766704,113.551
