"model","KL","CRPS","pplc","run_time_seconds"
"M1_dqlm_ldvb",0.187439104974362,12.1078896717201,6008.81466567842,58.8979999999999
"M2_exdqlm_ldvb",0.141282911778597,14.3794303381034,8352.92357812894,188.371
