"model","method","runtime_sec","KL","CRPS","pplc","backend_profile","posterior_draws","burn_in","n_burn","n_mcmc"
"DQLM","VB",29.828,0.143852712514997,8.61594560054868,3924.03847436937,"B",3000,NA,2000,3000
"exDQLM","VB",128.923,0.0781672897880017,6.43085152583925,2350.48068172499,"B",3000,NA,2000,3000
"DQLM","MCMC",361.822,0.108866375801541,7.65467563076632,3022.43017340032,"B",3000,2000,2000,3000
"exDQLM","MCMC",452.559,0.157433343790536,5.05746806725655,2184.23194236895,"B",3000,2000,2000,3000
