"trend_df","seasonal_df","CRPS","KL","rank_CRPS","rank_KL"
0.9,0.85,17.6390368000182,0.134612534620169,4,2
0.9,0.9,13.5602835817486,0.115977805158718,2,1
0.9,0.95,12.6768196718232,0.254396836505106,1,3
0.9,1,16.6311647005074,0.286545624694092,3,4
