"trend_df","seasonal_df","CRPS","KL","rank_CRPS","rank_KL"
0.9,0.85,6.42815238872055,0.0781672897880017,1,1
0.9,0.9,8.43517521875915,0.120861884789151,2,2
0.9,0.95,12.5517715652816,0.193302530043455,3,3
0.9,1,20.1243640659085,0.270508030953538,4,4
