"trend_df","seasonal_df","CRPS","KL","rank_CRPS","rank_KL"
0.9,0.85,6.24393692134016,0.119757266189303,1,1
0.9,0.9,8.29206634216248,0.145208328044564,2,2
0.9,0.95,12.464472347483,0.173286375701951,3,3
0.9,1,20.2321747089448,0.25567687769563,4,4
