"trend_df","seasonal_df","KL"
0.9,0.85,0.126574698356556
0.9,0.9,0.156397770053792
0.9,0.95,0.145006905079116
0.9,1,0.242259669181962
