"trend_df","seasonal_df","KL"
0.9,0.85,0.144390300218388
0.9,0.9,0.16417165157832
0.9,0.95,0.272009825353421
0.9,1,0.350757120997555
