"model","KL","CRPS","pplc","run_time_seconds"
"M1_dqlm_ldvb",0.0589376446458066,8.60337284923726,3923.79040809977,24.27
"M2_exdqlm_ldvb",0.0374021814722116,6.433278192374,2349.42706359389,107.203
