"trend_df","seasonal_df","CRPS","KL","rank_CRPS","rank_KL"
0.9,0.85,17.659981916912,0.134612534620169,4,2
0.9,0.9,13.6216193921958,0.115977805158718,2,1
0.9,0.95,12.646409902676,0.254396836505106,1,3
0.9,1,16.6479167466548,0.286545624694092,3,4
