"trend_df","seasonal_df","CRPS","KL","rank_CRPS","rank_KL"
0.9,0.85,6.42606535638506,0.041122988681243,1,1
0.9,0.9,8.44884789177091,0.0425380658927188,2,2
0.9,0.95,12.5825068135212,0.0903784402251771,3,3
0.9,1,20.1180167966882,0.143014212336835,4,4
