"trend_df","seasonal_df","CRPS","KL","rank_CRPS","rank_KL"
0.9,0.85,6.41628630445579,0.0781733537061702,1,1
0.9,0.9,8.43150789470041,0.120861198500057,2,2
0.9,0.95,12.5910057830884,0.193303093779284,3,3
0.9,1,20.1196647392565,0.270500950774189,4,4
