"model","method","runtime_sec","KL","CRPS","pplc","backend_profile","posterior_draws","burn_in","n_burn","n_mcmc"
"DQLM","VB",22.891,0.143852712514997,8.62425572560541,3906.54846989367,"B",3000,NA,2000,3000
"exDQLM","VB",104.092,0.0781672897880017,6.41612918057875,2350.27689194409,"B",3000,NA,2000,3000
"DQLM","MCMC",273.675,0.153183442765913,7.70769785981267,3051.24883961397,"B",3000,2000,2000,3000
"exDQLM","MCMC",343.142,0.126096990796601,5.07493629045849,2189.8220859216,"B",3000,2000,2000,3000
