"trend_df","seasonal_df","CRPS","KL","rank_CRPS","rank_KL"
0.9,0.85,6.24194295034937,0.119757266189303,1,1
0.9,0.9,8.28471378214562,0.145208328044564,2,2
0.9,0.95,12.4874962336798,0.173286375701951,3,3
0.9,1,20.25339902977,0.25567687769563,4,4
