"model","KL","CRPS","pplc","run_time_seconds"
"M1_dqlm_ldvb",0.143596948636876,12.5322464653898,5002.31609589191,43.253
"M2_exdqlm_ldvb",0.134612534620169,17.6349426570782,9745.10918471666,144.596
