"model","KL","CRPS","pplc","run_time_seconds"
"M1_dqlm_ldvb",0.15533010572088,8.7116286699431,3911.2512992911,23.894
"M2_exdqlm_ldvb",0.104678951464252,6.49274713738941,2351.82899322561,112.18
