"trend_df","seasonal_df","CRPS","KL","rank_CRPS","rank_KL"
0.9,0.85,386.25168070487,0.221715981791856,2,2
0.9,0.9,430.965308163802,0.220970109983075,4,1
0.9,0.95,429.272747530591,0.235320039424987,3,3
0.9,1,316.782344077728,0.518787493004463,1,4
