"trend_df","seasonal_df","CRPS","KL","rank_CRPS","rank_KL"
0.9,0.85,6.43083113452738,0.0374021814722116,1,1
0.9,0.9,8.44041235581155,0.0418128221103216,2,2
0.9,0.95,12.5593923314163,0.138929941050552,3,3
0.9,1,20.1506883412295,0.150118344649617,4,4
