"trend_df","seasonal_df","CRPS","KL","rank_CRPS","rank_KL"
0.9,0.85,6.42376472023612,0.0374021814722116,1,1
0.9,0.9,8.44379053319747,0.0418128221103216,2,2
0.9,0.95,12.5647060599736,0.138929941050552,3,3
0.9,1,20.1698434860224,0.150118344649617,4,4
