"model","KL","CRPS","pplc","run_time_seconds"
"M1_dqlm_ldvb",0.0356741280620551,8.61594560054868,3924.03847436937,29.828
"M2_exdqlm_ldvb",0.0244323136678022,6.43085152583925,2350.48068172499,128.923
