"trend_df","seasonal_df","KL"
0.9,0.85,0.177395067920938
0.9,0.9,0.378110069984089
0.9,0.95,0.388830754522678
0.9,1,0.635940244268827
