"model","KL","pplc","run_time_seconds"
"M1_dqlm_ldvb",-0.0069862020436025,3955.38903349928,8.64999999999998
"M2_exdqlm_ldvb",0.0808458095241117,2356.84351504549,112.655
