"model","method","runtime_sec","KL","CRPS","pplc","backend_profile","posterior_draws","burn_in","n_burn","n_mcmc"
"DQLM","VB",58.8979999999999,0.187439104974362,12.1078896717201,6008.81466567842,"B",3000,NA,2000,3000
"exDQLM","VB",188.371,0.141282911778597,14.3794303381034,8352.92357812894,"B",3000,NA,2000,3000
"DQLM","MCMC",260.45,0.142967521747576,10.8285287924861,3769.9561225594,"B",3000,2000,2000,3000
"exDQLM","MCMC",301.347,0.21271349204032,4.68189710146302,2212.85770252317,"B",3000,2000,2000,3000
