"model","method","runtime_sec","KL","CRPS","pplc","backend_profile","posterior_draws","burn_in","n_burn","n_mcmc"
"DQLM","VB",24.27,0.0589376446458066,8.60337284923726,3923.79040809977,"B",3000,NA,2000,3000
"exDQLM","VB",107.203,0.0374021814722116,6.433278192374,2349.42706359389,"B",3000,NA,2000,3000
"DQLM","MCMC",275.423,0.124852996013148,7.68957526506815,3047.13412055649,"B",3000,2000,2000,3000
"exDQLM","MCMC",331.956,0.194707960318474,5.15414428032822,2242.35686551001,"B",3000,2000,2000,3000
