"lambda","KL"
0.1,0.559995751872521
0.3,0.540004334670028
0.5,0.56121056386367
0.7,0.552599583905732
0.85,0.425961169623888
