"model","label","KL","KL_flipped","CRPS","PPLC"
"M0_no_transfer","M0 no transfer",0.168391440869409,0.111848343498825,0.469439048012168,99.5678641556369
"MREG_direct_regression","MREG direct regression",0.111738718347244,0.0466311915995714,0.34765036217356,151.432618775386
"MTF_transfer_function","MTF transfer function",0.155404794155661,0.0908504284875367,0.365694148697801,125.218455875703
