"model","KL","CRPS","pplc","run_time_seconds"
"M1_regression",0.132098412193471,0.469614882502342,100.429256513691,129.13
"M2_transfer_function",0.105693187232361,0.477449564286828,100.739980723887,144.234
