"index","label","center","scale"
"noi","NOI",0.199263888888889,2.89824089535526
"amo","AMO",0.0816712962962963,0.192200937271062
