"model","label","KL","KL_flipped","CRPS","PPLC"
"M0_no_transfer","M0 no transfer",0.168391440869409,0.111848343498825,0.470905375343409,99.655955662989
"MREG_direct_regression","MREG direct regression",0.111738718347244,0.0466311915995714,0.347666191385902,151.044229268333
"MTF_transfer_function","MTF transfer function",0.155404794155661,0.0908504284875367,0.366097299319082,125.274114678213
