"model","KL","CRPS","pplc","run_time_seconds"
"M1_regression",0.0565197100327635,0.350450546015188,130.328257342147,144.678
"M2_transfer_function",0.0570131526306335,0.358086636290136,124.466923954322,159.971
