"lambda","KL"
0.1,0.068189129234258
0.3,0.0683457630415996
0.5,0.0564917185395845
0.7,0.0705368595538712
0.85,0.074552293447535
