"model","label","KL","KL_flipped","CRPS","PPLC"
"M0_no_transfer","M0 no transfer",0.212360824106582,0.235939785925901,0.480627478231972,101.056772454496
"MTF_transfer_function","MTF transfer function",0.0964463174149268,0.14691568179534,0.370419889818896,121.632143119464
