"lambda","transfer_zeta_df","transfer_psi_df","selection_metric","selection_value","KL","KL_flipped","CRPS","PPLC","runtime","iter","converged","status","error_message","seed","selected"
0.1,0.99,0.99,"PPLC",135.48575320199,0.101551748062726,0.0657506967657073,0.360565601484322,135.48575320199,169.226,220,FALSE,"ok","",20264002,FALSE
0.2,0.99,0.99,"PPLC",136.258022901242,0.125138484891566,0.0519073529277914,0.355287705495938,136.258022901242,167.632,220,FALSE,"ok","",20264003,FALSE
0.3,0.99,0.99,"PPLC",139.695783672452,0.12524366392488,0.0509764560685819,0.351723282081986,139.695783672452,169.086,220,FALSE,"ok","",20264004,FALSE
0.4,0.99,0.99,"PPLC",142.57766521061,0.109293453613259,0.0603326617733324,0.349462749098149,142.57766521061,167.527,220,FALSE,"ok","",20264005,FALSE
0.5,0.99,0.99,"PPLC",143.672462767673,0.0867749971990128,0.0621913030040364,0.350879198449394,143.672462767673,166.877,220,FALSE,"ok","",20264006,FALSE
0.6,0.99,0.99,"PPLC",139.704310771481,0.0981983239852531,0.0547287538721446,0.353719785221874,139.704310771481,167.583,220,FALSE,"ok","",20264007,FALSE
0.7,0.99,0.99,"PPLC",133.175327421928,0.0885526348833272,0.061380577911812,0.360400500156372,133.175327421928,167.373,220,FALSE,"ok","",20264008,FALSE
0.8,0.99,0.99,"PPLC",121.846044264186,0.136052140922409,0.0712986986089206,0.370249674511649,121.846044264186,168.614,220,FALSE,"ok","",20264009,FALSE
0.9,0.99,0.99,"PPLC",120.807177892472,0.153065191201794,0.0687038910968019,0.371388451694951,120.807177892472,168.799,220,FALSE,"ok","",20264010,TRUE
