"model","label","horizon","mean_check_loss","CRPS","interval_score","coverage","mean_interval_width"
"M0_no_transfer","M0 no transfer",18,0.118543263795041,0.491538060847831,8.64808531229834,0.833333333333333,1.85080294402087
"MTF_transfer_function","MTF transfer function",18,0.149067252633261,0.522019680465483,6.98490426002064,0.888888888888889,2.31678067035107
