"index","label","center","scale"
"noi","NOI",0.117072463768116,2.89741652890153
"amo","AMO",0.0731642512077295,0.188980050902275
