"model","KL","CRPS","pplc","run_time_seconds"
"M1_regression_ldvb",0.262260762964179,0.475796395696183,309.639977661007,133.332
"M2_transfer_function_ldvb",0.204089526193431,0.426204173854706,311.067767179897,164.198
