"model","label","horizon","mean_check_loss","quantile_coverage","n_exceedances","CRPS","interval_score","coverage","mean_interval_width"
"M0_no_transfer","M0 no transfer",18,0.119003867796147,0.111111111111111,16,0.497698395886582,8.75437024792275,0.833333333333333,1.82595764748982
"MTF_transfer_function","MTF transfer function",18,0.151822333865363,0,18,0.533975582248867,6.98386470741915,0.888888888888889,2.34370679258638
