"model","KL","CRPS","pplc","run_time_seconds"
"M1_dynamic_regression",0.0881460018840569,0.351691797126694,151.789248449856,175.945
"M2_transfer_function",0.119903930125887,0.353122071888198,146.567029399132,191.542
