"model","KL","CRPS","pplc","run_time_seconds"
"M1_regression_ldvb",0.250769306063108,0.542679517504729,109.444239212315,122.808
"M2_transfer_function_ldvb",0.264723281953058,0.540064894521932,111.096728412596,137.374
