"lambda","KL"
0.1,0.0147094832294497
0.3,0.031442314368722
0.5,0.0414101814261147
0.7,0.0866013661578802
0.85,0.0895135177230218
