"lambda","KL"
0.1,0.311328887987978
0.3,0.287567730691498
0.5,0.26741793216032
0.7,0.245543134065078
0.85,0.204089526193431
