"lambda","KL"
0.1,0.510874503992004
0.15,0.522644977428046
0.2,0.468683275091304
0.25,0.510370664178945
0.3,0.502563033243337
0.35,0.48245587398206
0.4,0.510817605172761
0.45,0.513716900242971
0.5,0.49217881057819
0.55,0.465033063418786
0.6,0.479496999116331
0.65,0.48814599573733
0.7,0.502355147835765
0.75,0.509469340528373
0.8,0.462059399262645
0.85,0.397443398707552
0.9,0.327474081928896
