"model","KL","CRPS","pplc","run_time_seconds"
"M1_regression",0.0562272267600481,0.349544001199972,132.100311646063,121.189
"M2_transfer_function",0.0564917185395845,0.356807817749866,122.900042062468,135.694
