"model","KL","CRPS","pplc","run_time_seconds"
"M1_dynamic_regression",0.161375019904602,0.349776112546101,152.012690174409,162.583
"M2_transfer_function",0.144457090013815,0.352805347484549,145.866715824781,177.19
