"lambda","transfer_zeta_df","transfer_psi_df","selection_metric","selection_value","KL","KL_flipped","CRPS","PPLC","runtime","iter","converged","status","error_message","seed","selected"
0.7,0.99,1,"PPLC",139.774086981675,0.0876158526576987,0.0442392189380327,0.353673099341222,139.774086981675,167.86,220,FALSE,"ok","",20264002,FALSE
0.75,0.99,1,"PPLC",133.459089638554,0.11799273438591,0.0657093664647483,0.358453820422501,133.459089638554,166.855,220,FALSE,"ok","",20264003,FALSE
0.8,0.99,1,"PPLC",128.314195286072,0.132117212880476,0.0712745571749589,0.362589360505873,128.314195286072,203.834,220,FALSE,"ok","",20264004,FALSE
0.85,0.99,1,"PPLC",125.496733141901,0.155404794155661,0.0908504284875367,0.365702504707506,125.496733141901,219.691,220,FALSE,"ok","",20264005,TRUE
0.9,0.99,1,"PPLC",127.840661894345,0.14081465525264,0.0592781175703605,0.362358437583779,127.840661894345,165.801,220,FALSE,"ok","",20264006,FALSE
0.95,0.99,1,"PPLC",141.820650603253,0.125220381588409,0.0700436885843057,0.350602037870651,141.820650603253,165.253,220,FALSE,"ok","",20264007,FALSE
0.99,0.99,1,"PPLC",160.87785426042,0.140180507578844,0.0821489593528346,0.319897559471625,160.87785426042,173.311,220,FALSE,"ok","",20264008,FALSE
