"model","label","KL","KL_flipped","CRPS","PPLC"
"M0_no_transfer","M0 no transfer",0.168391440869409,0.111848343498825,0.469578457645285,99.3652172430834
"MREG_direct_regression","MREG direct regression",0.111738718347244,0.0466311915995714,0.347864034574231,151.98445380261
"MTF_transfer_function","MTF transfer function",0.155404794155661,0.0908504284875367,0.365385649592509,125.399494952484
