"lambda","KL","CRPS","pplc","runtime","iter","converged","status","error_message","seed","selected_by_CRPS"
0.1,0.191497613654453,0.362039143733081,139.440274315438,178.898,220,FALSE,"ok","",20263802,FALSE
0.2,0.165576358100295,0.357382144670255,141.96181750927,178.766,220,FALSE,"ok","",20263803,FALSE
0.3,0.16992596033021,0.353801710816246,144.457395875662,178.391,220,FALSE,"ok","",20263804,FALSE
0.4,0.177245664342647,0.352807300579953,146.218945146254,177.697,220,FALSE,"ok","",20263805,FALSE
0.5,0.144457090013815,0.352805347484549,145.866715824781,177.19,220,FALSE,"ok","",20263806,TRUE
0.6,0.137102463498249,0.358957280118702,137.516976787243,176.786,220,FALSE,"ok","",20263807,FALSE
0.7,0.177620137186673,0.368249310061369,130.375836726595,178.272,220,FALSE,"ok","",20263808,FALSE
0.8,0.212554009806212,0.380005724323958,119.490079791535,178.989,220,FALSE,"ok","",20263809,FALSE
0.9,0.208957900381763,0.38425582628741,115.110017203955,176.085,220,FALSE,"ok","",20263810,FALSE
