"model","label","KL","KL_flipped","CRPS","PPLC"
"M0_no_transfer","M0 no transfer",0.168391440869409,0.111848343498825,0.471774175040609,99.61996817805
"MTF_transfer_function","MTF transfer function",0.122212647963566,0.0532930912478964,0.362248980269298,123.697151647567
