"model","KL","CRPS","pplc","run_time_seconds"
"M1_regression",0.297067090219854,0.473287220646955,308.912465610795,137.573
"M2_transfer_function",0.240333031917101,0.426276866865352,309.780692750396,169.154
