"lambda","KL"
0.1,0.0193824693543145
0.3,0.0174866891769868
0.5,0.0532709506217687
0.7,0.0903745071605362
0.85,0.108952812810108
