"model","label","KL","KL_flipped","CRPS","PPLC"
"M0_no_transfer","M0 no transfer",0.357716940946287,0.347946795771551,341.467211193566,229374.623855656
"MTF_transfer_function","MTF transfer function",0.273345236668806,0.284675543379529,395.027260025793,265575.859843262
