"model","KL","pplc","run_time_seconds"
"M1_regression",0.297067090219854,308.06720005454,145.834
"M2_transfer_function",0.240333031917101,312.145237891318,185.746
