"model","label","KL","KL_flipped","CRPS","PPLC"
"M0_no_transfer","M0 no transfer",0.168391440869409,0.111848343498825,0.471598444966793,99.7544279455245
"MREG_direct_regression","MREG direct regression",0.111738718347244,0.0466311915995714,0.346451297057587,150.742585094675
"MTF_transfer_function","MTF transfer function",0.155404794155661,0.0908504284875367,0.366520190881869,125.435577402314
