"model","label","horizon","mean_check_loss","quantile_coverage","n_exceedances","CRPS","interval_score","coverage","mean_interval_width"
"M0_no_transfer","M0 no transfer",18,0.176578677124049,0.833333333333333,3,336.533793801462,1834.06942601669,1,1834.06942601669
"MTF_transfer_function","MTF transfer function",18,0.154857853569717,0.833333333333333,3,385.25054992099,2074.53664956628,1,2074.53664956628
"MREG_direct_regression","MREG direct regression",18,0.14494991885913,0.833333333333333,3,422.433622574103,2296.94533105466,1,2296.94533105466
