"model","KL","CRPS","pplc","run_time_seconds"
"M1_dynamic_regression",0.161375019904602,0.354456502608346,151.845494888377,160.661
"M2_transfer_function",0.177245664342647,0.3556920109423,146.157011303957,176.24
