"lambda","KL"
0.1,0.0687193333159429
0.3,0.0678657459995276
0.5,0.0570131526306335
0.7,0.0701247088865419
0.85,0.0753029264133527
