"lambda","transfer_zeta_df","transfer_psi_df","selection_metric","selection_value","KL","KL_flipped","CRPS","PPLC","runtime","iter","converged","status","error_message","seed","selected"
0.7,0.99,1,"PPLC",139.880489990559,0.0876158526576987,0.0442392189380327,0.353778384157235,139.880489990559,166.779,220,FALSE,"ok","",20264002,FALSE
0.75,0.99,1,"PPLC",133.856978606958,0.11799273438591,0.0657093664647483,0.35877483949865,133.856978606958,165.354,220,FALSE,"ok","",20264003,FALSE
0.8,0.99,1,"PPLC",128.726071269018,0.132117212880476,0.0712745571749589,0.362295186541899,128.726071269018,165.364,220,FALSE,"ok","",20264004,FALSE
0.85,0.99,1,"PPLC",125.645043758378,0.155404794155661,0.0908504284875367,0.366176842859803,125.645043758378,163.729,220,FALSE,"ok","",20264005,TRUE
0.9,0.99,1,"PPLC",127.975087164875,0.14081465525264,0.0592781175703605,0.362640750634206,127.975087164875,163.562,220,FALSE,"ok","",20264006,FALSE
0.95,0.99,1,"PPLC",142.602069583845,0.125220381588409,0.0700436885843057,0.351209535165365,142.602069583845,227.941,220,FALSE,"ok","",20264007,FALSE
0.99,0.99,1,"PPLC",161.617538561926,0.140180507578844,0.0821489593528346,0.321108643739454,161.617538561926,192.31,220,FALSE,"ok","",20264008,FALSE
