"model","KL","CRPS","pplc","run_time_seconds"
"M1_regression",0.262260762964179,0.473287220646955,308.912465610795,137.573
"M2_transfer_function",0.203881515893092,0.426276866865352,309.780692750396,169.154
