"lambda","KL"
0.1,0.327738906247624
0.3,0.313544288652861
0.5,0.29384795117904
0.7,0.265943561266748
0.85,0.247921760508998
