"lambda","KL"
0.1,0.300582112156822
0.3,0.28029998861653
0.5,0.247609375521337
0.7,0.259721400332223
0.85,0.222219980301806
