"lambda","KL"
0.1,1.20501796179906
0.15,1.18900387738557
0.2,1.1818112926106
0.25,1.1430388851894
0.3,1.13514262605102
0.35,1.13569653653979
0.4,1.14398194410619
0.45,1.12718007835658
0.5,1.11259672701126
0.55,1.0964999075017
0.6,1.04335698959649
0.65,1.03909688583989
0.7,1.07228241871969
0.75,1.00485217196163
0.8,0.980711574192795
0.85,0.908349925966897
0.9,0.87386859396712
