"lambda","KL","CRPS","pplc","runtime","iter","converged","status","error_message","seed","selected_by_CRPS"
0.1,0.191497613654453,0.365318643486329,139.322900646622,176.859,220,FALSE,"ok","",20263802,FALSE
0.2,0.165576358100295,0.360429778479165,141.888918326926,178.968,220,FALSE,"ok","",20263803,FALSE
0.3,0.16992596033021,0.357518808611189,144.467816182016,177.689,220,FALSE,"ok","",20263804,FALSE
0.4,0.177245664342647,0.3556920109423,146.157011303957,176.24,220,FALSE,"ok","",20263805,TRUE
0.5,0.144457090013815,0.355909997525951,145.887306103178,176.343,220,FALSE,"ok","",20263806,FALSE
0.6,0.137102463498249,0.362509854715622,137.428076206732,175.622,220,FALSE,"ok","",20263807,FALSE
0.7,0.177620137186673,0.370431253115361,129.835572565883,177.634,220,FALSE,"ok","",20263808,FALSE
0.8,0.212554009806212,0.382768807589916,119.852000529697,176.731,220,FALSE,"ok","",20263809,FALSE
0.9,0.208957900381763,0.389016796863731,115.058274541039,173.482,220,FALSE,"ok","",20263810,FALSE
