"model","label","horizon","mean_check_loss","quantile_coverage","n_exceedances","CRPS","interval_score","coverage","mean_interval_width"
"M0_no_transfer","M0 no transfer",18,0.119003867796147,0.111111111111111,16,0.497698395886582,8.75437024792275,0.833333333333333,1.82595764748982
"MREG_direct_regression","MREG direct regression",18,0.113725701188057,0,18,0.400817820778994,2.90553055933775,1,2.90553055933775
"MTF_transfer_function","MTF transfer function",18,0.155457945820219,0,18,0.549808774524269,7.16732384459288,0.888888888888889,2.36931160719275
