"model","KL","pplc","run_time_seconds"
"M1_regression",0.980137036362313,899.896144069637,9.90699999999993
"M2_transfer_function",0.731431564238129,794.251150250941,9.39699999999993
