"lambda","KL"
0.1,0.989800907165679
0.15,1.0058553349286
0.2,0.997003013442981
0.25,0.970529775107686
0.3,0.998543526511827
0.35,1.00182461087007
0.4,1.01249416844353
0.45,0.988297892521227
0.5,0.967092316942328
0.55,0.951735112944738
0.6,0.906526514853729
0.65,0.88427224415764
0.7,0.864795364557845
0.75,0.870854903551765
0.8,0.828286692198116
0.85,0.769929235357204
0.9,0.713402988281569
