"lambda","transfer_zeta_df","transfer_psi_df","selection_metric","selection_value","KL","KL_flipped","CRPS","PPLC","runtime","iter","converged","status","error_message","seed","selected"
0.7,0.99,1,"PPLC",139.674962685414,0.0876158526576987,0.0442392189380327,0.353117027926666,139.674962685414,200.127,220,FALSE,"ok","",20264002,FALSE
0.75,0.99,1,"PPLC",133.211195747945,0.11799273438591,0.0657093664647483,0.358159746122523,133.211195747945,191.973,220,FALSE,"ok","",20264003,FALSE
0.8,0.99,1,"PPLC",128.88360420879,0.132117212880476,0.0712745571749589,0.362546249547719,128.88360420879,192.655,220,FALSE,"ok","",20264004,FALSE
0.85,0.99,1,"PPLC",125.958676615221,0.155404794155661,0.0908504284875367,0.365530630107887,125.958676615221,190.588,220,FALSE,"ok","",20264005,TRUE
0.9,0.99,1,"PPLC",128.250907788082,0.14081465525264,0.0592781175703605,0.362683772931626,128.250907788082,191.111,220,FALSE,"ok","",20264006,FALSE
0.95,0.99,1,"PPLC",142.568175480152,0.125220381588409,0.0700436885843057,0.350721186351121,142.568175480152,191.021,220,FALSE,"ok","",20264007,FALSE
0.99,0.99,1,"PPLC",160.917798453036,0.140180507578844,0.0821489593528346,0.319354626818381,160.917798453036,187.029,220,FALSE,"ok","",20264008,FALSE
