"lambda","transfer_zeta_df","transfer_psi_df","selection_metric","selection_value","KL","KL_flipped","CRPS","PPLC","runtime","iter","converged","status","error_message","seed","selected"
0.7,0.99,1,"PPLC",139.706835817037,0.0876158526576987,0.0442392189380327,0.354046420055132,139.706835817037,219.331,220,FALSE,"ok","",20264002,FALSE
0.75,0.99,1,"PPLC",133.884025835373,0.11799273438591,0.0657093664647483,0.358459890776956,133.884025835373,212.691,220,FALSE,"ok","",20264003,FALSE
0.8,0.99,1,"PPLC",129.058143222095,0.132117212880476,0.0712745571749589,0.3634596020948,129.058143222095,212.541,220,FALSE,"ok","",20264004,FALSE
0.85,0.99,1,"PPLC",125.493636039773,0.155404794155661,0.0908504284875367,0.36533765005933,125.493636039773,211.747,220,FALSE,"ok","",20264005,TRUE
0.9,0.99,1,"PPLC",127.923378470847,0.14081465525264,0.0592781175703605,0.362213201829275,127.923378470847,212.148,220,FALSE,"ok","",20264006,FALSE
0.95,0.99,1,"PPLC",142.176863513444,0.125220381588409,0.0700436885843057,0.350247445942293,142.176863513444,211.019,220,FALSE,"ok","",20264007,FALSE
0.99,0.99,1,"PPLC",161.382322146243,0.140180507578844,0.0821489593528346,0.321040389503504,161.382322146243,204.591,220,FALSE,"ok","",20264008,FALSE
