"model","KL","CRPS","pplc","run_time_seconds"
"M1_dynamic_regression",0.252528140508543,0.375493621285219,175.109843985625,350.955
"M2_transfer_function",0.222397191141156,0.374817354939816,170.177456379325,387.844
