"model","label","KL","KL_flipped","CRPS","PPLC"
"M0_no_transfer","M0 no transfer",0.242917329034262,0.152950756926141,0.481033224003102,100.901114378727
"MTF_transfer_function","MTF transfer function",0.153065191201794,0.0687038910968019,0.370554548193396,120.403812145911
