"model","KL","CRPS","pplc","run_time_seconds"
"M1_regression",0.0592787136163855,0.388602466492063,122.084867625458,376.684
"M2_transfer_function",0.0964851415317484,0.479253924932548,96.321084358537,137.29
