"model","label","KL","KL_flipped","CRPS","PPLC"
"M0_no_transfer","M0 no transfer",0.168391440869409,0.111848343498825,0.470099769592226,99.5067645830266
"MREG_direct_regression","MREG direct regression",0.111738718347244,0.0466311915995714,0.346879053251698,151.129496076981
"MTF_transfer_function","MTF transfer function",0.155404794155661,0.0908504284875367,0.36502274902333,125.15138331156
