"model","KL","CRPS","pplc","run_time_seconds"
"M1_regression",0.0232714689526381,0.30086535725858,191.634857148638,128.326
"M2_transfer_function",0.0174866891769868,0.295189066453983,185.865063244034,142.004
