"lambda","KL","CRPS","pplc","runtime","iter","converged","status","error_message","seed","selected_by_CRPS"
0.1,0.104116751012505,0.361438356491161,138.219149259747,197.026,220,FALSE,"ok","",20263603,FALSE
0.2,0.0748170270242042,0.356791369204014,141.870766203993,193.125,220,FALSE,"ok","",20263604,FALSE
0.3,0.119129445805016,0.354787334025301,144.552606411984,194.839,220,FALSE,"ok","",20263605,FALSE
0.4,0.119903930125887,0.353122071888198,146.567029399132,191.542,220,FALSE,"ok","",20263606,TRUE
0.5,0.0864201586136178,0.353195510241518,145.204434022569,190.333,220,FALSE,"ok","",20263607,FALSE
0.6,0.0662410213744851,0.360677951702105,138.590379839046,192.305,220,FALSE,"ok","",20263608,FALSE
0.7,0.10315303471148,0.367476865004721,129.554965778784,194.487,220,FALSE,"ok","",20263609,FALSE
0.8,0.132618918182646,0.38000529153464,120.271410432376,193.544,220,FALSE,"ok","",20263610,FALSE
0.9,0.140117582405425,0.383762344114381,116.425678250711,195.421,220,FALSE,"ok","",20263611,FALSE
