"lambda","transfer_zeta_df","transfer_psi_df","selection_metric","selection_value","KL","KL_flipped","CRPS","PPLC","runtime","iter","converged","status","error_message","seed","selected"
0.7,0.99,1,"PPLC",140.299207085809,0.0876158526576987,0.0442392189380327,0.354011311397307,140.299207085809,174.544,220,FALSE,"ok","",20264002,FALSE
0.75,0.99,1,"PPLC",133.777031095536,0.11799273438591,0.0657093664647483,0.357863512770865,133.777031095536,170.263,220,FALSE,"ok","",20264003,FALSE
0.8,0.99,1,"PPLC",128.212766022545,0.132117212880476,0.0712745571749589,0.362106201510873,128.212766022545,170.688,220,FALSE,"ok","",20264004,FALSE
0.85,0.99,1,"PPLC",125.82789059452,0.155404794155661,0.0908504284875367,0.366151193383112,125.82789059452,170.236,220,FALSE,"ok","",20264005,TRUE
0.9,0.99,1,"PPLC",127.812968206974,0.14081465525264,0.0592781175703605,0.362571751094123,127.812968206974,166.285,220,FALSE,"ok","",20264006,FALSE
0.95,0.99,1,"PPLC",142.124372901792,0.125220381588409,0.0700436885843057,0.350115256028859,142.124372901792,167.179,220,FALSE,"ok","",20264007,FALSE
0.99,0.99,1,"PPLC",161.698515803987,0.140180507578844,0.0821489593528346,0.321678027357194,161.698515803987,162.252,220,FALSE,"ok","",20264008,FALSE
