"lambda","transfer_zeta_df","transfer_psi_df","selection_metric","selection_value","KL","KL_flipped","CRPS","PPLC","runtime","iter","converged","status","error_message","seed","selected"
0.1,0.99,0.99,"PPLC",141.741420106343,0.107029069380741,0.0238500948316949,0.351021652426965,141.741420106343,172.476,220,FALSE,"ok","",20264002,FALSE
0.2,0.99,0.99,"PPLC",144.127232309273,0.0998532270542194,0.0395792675722899,0.346850473820505,144.127232309273,169.798,220,FALSE,"ok","",20264003,FALSE
0.3,0.99,0.99,"PPLC",148.407959559117,0.0939429716580111,0.0449699532886578,0.345406876192818,148.407959559117,169.38,220,FALSE,"ok","",20264004,FALSE
0.4,0.99,0.99,"PPLC",151.283338546198,0.067242854522173,0.0321490892334126,0.342303750988068,151.283338546198,170.836,220,FALSE,"ok","",20264005,FALSE
0.5,0.99,0.99,"PPLC",151.701800265752,0.0802293107456447,0.0320987334527532,0.343469701471048,151.701800265752,169.301,220,FALSE,"ok","",20264006,FALSE
0.6,0.99,0.99,"PPLC",144.565380962846,0.0798981517724977,0.0215023821632077,0.34596236328097,144.565380962846,169.963,220,FALSE,"ok","",20264007,FALSE
0.7,0.99,0.99,"PPLC",136.092584431188,0.0967641472169518,0.0440198841227915,0.351608902842579,136.092584431188,169.4,220,FALSE,"ok","",20264008,FALSE
0.8,0.99,0.99,"PPLC",123.836718095341,0.122212647963566,0.0532930912478964,0.362492850816078,123.836718095341,171.129,220,FALSE,"ok","",20264009,TRUE
0.9,0.99,0.99,"PPLC",127.345174270476,0.107236289076356,0.0591220299870283,0.358707718586606,127.345174270476,263.802,220,FALSE,"ok","",20264010,FALSE
