"model","label","horizon","mean_check_loss","quantile_coverage","n_exceedances","CRPS","interval_score","coverage","mean_interval_width"
"M0_no_transfer","M0 no transfer",18,0.118543263795041,0.111111111111111,16,0.496368775328912,8.64808531229834,0.833333333333333,1.85080294402087
"MTF_transfer_function","MTF transfer function",18,0.16449047943554,0,18,0.595249538558228,8.14528813347364,0.833333333333333,2.3087914332847
"MREG_direct_regression","MREG direct regression",18,0.118556166961252,0,18,0.405793104739089,2.9614971365507,0.944444444444444,2.88926943425229
