"lambda","KL"
0.1,0.0964851415317484
0.3,0.107941375523852
0.5,0.115451634586543
0.7,0.11840548065492
0.85,0.11728589937632
