"model","KL","CRPS","pplc","run_time_seconds"
"M1_dynamic_regression",0.0668258567606015,0.351691797126694,151.789248449856,175.945
"M2_transfer_function",0.0282744010236986,0.353122071888198,146.567029399132,191.542
