"model","KL","pplc","run_time_seconds"
"M1_regression",1.09258086139464,920.880773024629,9.94900000000007
"M2_transfer_function",0.794656650658286,782.95621292794,9.63699999999994
