"lambda","KL"
0.1,0.121975879779224
0.3,0.105693187232361
0.5,0.118026412037378
0.7,0.140018649438152
0.85,0.11380323665271
