"model","KL","CRPS","pplc","run_time_seconds"
"M1_regression",0.0565197100327635,0.348536198878886,130.813537971917,123.906
"M2_transfer_function",0.0570131526306335,0.356765996376719,123.370374749318,136.939
