"model","KL","CRPS","pplc","run_time_seconds"
"M1_dynamic_regression",0.161375019904602,0.350777514617413,152.226015730844,161.878
"M2_transfer_function",0.177245664342647,0.351993515883008,146.75754619565,178.113
