"model","label","KL","KL_flipped","CRPS","PPLC"
"M0_no_transfer","M0 no transfer",0.212360824106582,0.235939785925901,0.482557771334803,101.163144931929
"MTF_transfer_function","MTF transfer function",0.135056600385408,0.164908236343705,0.371450515829682,120.190787476604
