"model","KL","CRPS","pplc","run_time_seconds"
"M1_regression",0.0313750794044555,0.371573907568491,375.205389042629,162.47
"M2_transfer_function",0.0147094832294497,0.4147691734289,418.146217043781,174.932
