"lambda","KL"
0.1,0.291840303551923
0.3,0.285915797062355
0.5,0.273167832013046
0.7,0.264723281953058
0.85,0.306767090719723
