"lambda","transfer_zeta_df","transfer_psi_df","selection_metric","selection_value","KL","KL_flipped","CRPS","PPLC","runtime","iter","converged","status","error_message","seed","selected"
0.7,0.99,1,"PPLC",139.888005509231,0.0876158526576987,0.0442392189380327,0.35349792822044,139.888005509231,215.694,220,FALSE,"ok","",20264002,FALSE
0.75,0.99,1,"PPLC",133.792298424225,0.11799273438591,0.0657093664647483,0.357864337071565,133.792298424225,197.448,220,FALSE,"ok","",20264003,FALSE
0.8,0.99,1,"PPLC",128.813554199347,0.132117212880476,0.0712745571749589,0.362476503757152,128.813554199347,206.341,220,FALSE,"ok","",20264004,FALSE
0.85,0.99,1,"PPLC",126.145652641807,0.155404794155661,0.0908504284875367,0.366671226159889,126.145652641807,211.611,220,FALSE,"ok","",20264005,TRUE
0.9,0.99,1,"PPLC",127.682277793019,0.14081465525264,0.0592781175703605,0.362376332837076,127.682277793019,210.885,220,FALSE,"ok","",20264006,FALSE
0.95,0.99,1,"PPLC",142.205873706779,0.125220381588409,0.0700436885843057,0.350643376717761,142.205873706779,212.125,220,FALSE,"ok","",20264007,FALSE
0.99,0.99,1,"PPLC",160.841119665414,0.140180507578844,0.0821489593528346,0.319949150389729,160.841119665414,204.458,220,FALSE,"ok","",20264008,FALSE
