"seed","pass","fail_reason","mean_runtime_ratio","max_holdout_ratio","max_active_ratio","max_check_ratio","selected"
20260711,FALSE,"holdout;active",0.101332209186738,1.27108122391444,1.72478277236496,1.03430411519462,FALSE
20260712,FALSE,"active",0.0919853712761913,1.21453085329729,1.5550644673927,1.01788817698876,FALSE
20260713,FALSE,"Example 4 LDVB did not converge at p0=0.05 (iter=420, stop=max_iter).",NA,NA,NA,NA,FALSE
20260714,TRUE,"",0.0899169724118747,1.14604326852517,1.15337868292664,1.01463125395915,TRUE
20260715,FALSE,"holdout;active",0.0981782511732517,1.43135167387011,1.36790124458042,1.01864548272572,FALSE
20260716,FALSE,"holdout;active",0.101864536123314,1.46754977487994,1.81979830458159,1.01012977188329,FALSE
20260717,FALSE,"holdout;active;check",0.106411256214063,1.43063032765229,1.56778178248052,1.0518004474851,FALSE
20260718,FALSE,"holdout;check",0.0925558272468785,1.36653005491008,1.31642892335931,1.08494465693804,FALSE
