"seed","pass","fail_reason","mean_runtime_ratio","max_holdout_ratio","max_active_ratio","max_check_ratio","selected"
20260711,FALSE,"holdout;active",0.0910875849123043,1.35007113045477,1.55415506699054,1.0390347870393,FALSE
20260712,FALSE,"holdout;active",0.0939749282087207,1.28600394757153,1.42179858541789,1.02319605509681,FALSE
20260713,FALSE,"Example 4 LDVB did not converge at p0=0.05 (iter=420, stop=max_iter).",NA,NA,NA,NA,FALSE
20260714,TRUE,"",0.100106252306553,1.03647612788398,1.0784145254103,1.00266949048842,TRUE
20260715,FALSE,"holdout",0.102392998463395,1.36644405834172,1.21865477276934,1.01657418593385,FALSE
20260716,FALSE,"holdout;active",0.0893535221802727,1.53213798669347,1.83798371488662,1.00973554686669,FALSE
20260717,FALSE,"holdout;active;check",0.105382102750723,1.36214457018519,1.88043101063142,1.05059342385922,FALSE
20260718,FALSE,"holdout;active;check",0.0829916329339416,1.38501047351914,8.37932411247437,1.08670182639538,FALSE
