"p0","method","runtime_sec","active_signal_rmse","inactive_signal_mae","holdout_quantile_rmse","holdout_check_loss","rhs_tau","rhs_zeta2","posterior_draws","burn_in","ldvb_iter","ldvb_stop","truth_interval_cover_n","truth_interval_cover_total","truth_interval_cover_all"
0.05,"LDVB",18.6409999999998,0.0834064625741162,0.0429210060317019,0.66724560742353,0.173161926684313,0.196027122630503,9,3000,NA,299,"joint_converged",8,8,TRUE
0.05,"MCMC",84.52,0.0578518706782876,0.0409906233462591,0.579034499334286,0.169021430450554,0.206605868785912,9,3000,2000,NA,NA,8,8,TRUE
0.25,"LDVB",10.499,0.106017463177375,0.0463776128845543,0.214900155205296,0.485547645856817,0.216068573735034,9,3000,NA,190,"joint_converged",7,8,FALSE
0.25,"MCMC",85.6010000000001,0.133086602004649,0.0289130516131366,0.225437716199519,0.4867631312461,0.219636309587485,9,3000,2000,NA,NA,8,8,TRUE
0.5,"LDVB",7.94800000000009,0.106380054963801,0.0836952407514767,0.359459118643197,0.620094282172829,0.270973650247342,9,3000,NA,135,"joint_converged",7,8,FALSE
0.5,"MCMC",91.537,0.110201348947982,0.0671250751854651,0.321995075550926,0.618811672698495,0.43070883490346,9,3000,2000,NA,NA,8,8,TRUE
