"p0","method","runtime_sec","active_signal_rmse","inactive_signal_mae","holdout_quantile_rmse","holdout_check_loss","rhs_tau","rhs_zeta2","posterior_draws","burn_in","ldvb_iter","ldvb_stop","truth_interval_cover_n","truth_interval_cover_total","truth_interval_cover_all"
0.05,"VB",22.5009999999997,0.266539189240589,0.127717921410756,0.713737353713224,0.188830524988832,0.293201963572376,9,3000,NA,334,"joint_converged",4,8,FALSE
0.05,"MCMC",156.907,0.201385805118718,0.0848655302834232,0.51532993241539,0.173764799508241,0.154513535554634,9,3000,2000,NA,NA,8,8,TRUE
0.25,"VB",13.3319999999999,0.112354691594626,0.079240544510101,0.302448009724347,0.486881111509791,0.260264123248773,9,3000,NA,210,"joint_converged",7,8,FALSE
0.25,"MCMC",149.077,0.0824346792966379,0.0700950644086698,0.26715532303215,0.486389072949438,0.251885909267621,9,3000,2000,NA,NA,8,8,TRUE
0.5,"VB",2.50600000000031,0.110240514456558,0.101098932267244,0.382119526248595,0.605802410751297,1,9,3000,NA,42,"joint_converged",8,8,TRUE
0.5,"MCMC",155.255,0.0131562537714041,0.0743494398131248,0.367365030866576,0.603371504119615,0.118749919082848,9,3000,2000,NA,NA,8,8,TRUE
