"p0","method","runtime_sec","active_signal_rmse","inactive_signal_mae","holdout_quantile_rmse","holdout_check_loss","rhs_tau","rhs_zeta2","posterior_draws","burn_in","ldvb_iter","ldvb_stop"
0.05,"VB",21.521,0.152700117263532,0.0692869590457689,0.471160728353023,0.157881774808841,0.228188900741297,9,3000,NA,311,"joint_converged"
0.05,"MCMC",94.198,0.169940516606498,0.0613755277893394,0.41335291501007,0.156187159856158,0.827621506796335,9,3000,2000,NA,NA
0.25,"VB",10.919,0.141089127405817,0.0396458505054124,0.477913021523627,0.470261753018032,0.199734624356429,9,3000,NA,196,"joint_converged"
0.25,"MCMC",96.508,0.175753108050342,0.0434019962846549,0.476400478864353,0.470848441894037,0.863075450616789,9,3000,2000,NA,NA
0.5,"VB",5.51999999999998,0.224422747676397,0.169280441670492,0.475984276223922,0.606168395464055,0.346088591587805,9,3000,NA,86,"joint_converged"
0.5,"MCMC",81.81,0.195337399485998,0.160549988667429,0.439311817621555,0.60652206789455,0.66051579228005,9,3000,2000,NA,NA
