"p0","method","runtime_sec","active_signal_rmse","inactive_signal_mae","holdout_quantile_rmse","holdout_check_loss","rhs_tau","rhs_zeta2","ldvb_iter","ldvb_stop"
0.05,"LDVB",23.397,0.117019668772118,0.0223742852857952,0.245039539403391,0.147951283277458,0.175265210401561,9,391,"joint_converged"
0.05,"MCMC",19.12,0.132519013637689,0.0360102382941606,0.273596844560064,0.150007732044547,0.862537898590702,9,NA,NA
0.25,"LDVB",10.089,0.240751458818782,0.110187428607889,0.513426075149793,0.521535239918525,0.297079033464729,9,195,"joint_converged"
0.25,"MCMC",18.678,0.176584582690698,0.0929807295321742,0.401504744358071,0.506813877967213,0.350235846194153,9,NA,NA
0.5,"LDVB",2.652,0.0735065574650554,0.0435498329413189,0.224790954890348,0.609584312268033,1,9,38,"joint_converged"
0.5,"MCMC",21.021,0.0898901407335732,0.0230369999724339,0.247870090560546,0.611321966266838,0.784564465275509,9,NA,NA
