"p0","method","beta0_true","beta1_true","beta0_hat","beta1_hat","grid_rmse","grid_mae","holdout_check_loss","runtime_sec","ldvb_iter","ldvb_stop"
0.05,"LDVB",-1.97382435234177,-0.0756987694330153,-1.52527591314892,0.142272342890108,0.514647238334757,0.448548439192845,0.136535722821589,16.287,271,"joint_converged"
0.05,"MCMC",-1.97382435234177,-0.0756987694330153,-1.55976263512227,0.205062260039582,0.526380352347222,0.433745790553084,0.137159720682021,19.7,NA,NA
0.25,"LDVB",-0.809387700235298,0.263928587431371,-0.605933607012005,0.322422673600796,0.214426008438132,0.203454093223293,0.39217592367165,7.161,142,"joint_converged"
0.25,"MCMC",-0.809387700235298,0.263928587431371,-0.618346860318229,0.341548120651363,0.211115902709976,0.191040839917069,0.392332328053789,19.865,NA,NA
0.5,"LDVB",0,0.5,-0.00451011939569111,0.375409333563349,0.144295524247512,0.124943164964431,0.487888477124243,1.31,25,"joint_converged"
0.5,"MCMC",0,0.5,-0.0123714192253801,0.363814012970726,0.158132339524057,0.13680755136443,0.488210089121134,19.327,NA,NA
