"p0","method","runtime_sec","active_signal_rmse","inactive_signal_mae","holdout_quantile_rmse","holdout_check_loss","rhs_tau","rhs_zeta2","ldvb_iter","ldvb_stop"
0.05,"LDVB",18.99,0.152292211652121,0.0687533858788612,0.473025375567013,0.15795144852559,0.2281889648319,9,286,"joint_converged"
0.05,"MCMC",39.46,0.163409765397846,0.0482822886105032,0.45242627426365,0.158022241275082,0.227427630789117,9,NA,NA
0.25,"LDVB",15.461,0.231291398867227,0.0698254129873216,0.37386985905762,0.480561735191343,0.236760819214224,9,234,"joint_converged"
0.25,"MCMC",40.248,0.234611590767006,0.0604652037447944,0.370073105770545,0.481490799382224,0.173839195441561,9,NA,NA
0.5,"LDVB",6.67699999999999,0.413947786134658,0.0455464547504786,0.503591499443066,0.635371637750049,0.204381553476907,9,105,"joint_converged"
0.5,"MCMC",40.415,0.349024653317993,0.045688554056069,0.44481601041157,0.627390068526135,0.132591338267926,9,NA,NA
