"p0","method","runtime_sec","active_signal_rmse","inactive_signal_mae","holdout_quantile_rmse","holdout_check_loss","rhs_tau","rhs_zeta2","ldvb_iter","ldvb_stop"
0.05,"LDVB",19.915,0.152292211652121,0.0687533858788612,0.473025375567013,0.15795144852559,0.2281889648319,9,286,"joint_converged"
0.05,"MCMC",38.151,0.1782205057254,0.0695322823394466,0.434319792906134,0.156597574922861,0.630793953478109,9,NA,NA
0.25,"LDVB",10.163,0.21122448003849,0.0626843010700023,0.427421739208494,0.494179546870941,0.231738233585824,9,192,"joint_converged"
0.25,"MCMC",38.582,0.183590446937845,0.083918793473691,0.364673116436915,0.491263320393829,0.186685527329228,9,NA,NA
0.5,"LDVB",8.59899999999999,0.14559002217813,0.0600176926028983,0.261464243425275,0.618732850169399,0.235108755103974,9,142,"joint_converged"
0.5,"MCMC",36.076,0.166693436627329,0.0550187449647579,0.274878094011178,0.619871510525032,0.368327532463743,9,NA,NA
