"p0","method","runtime_sec","active_signal_rmse","inactive_signal_mae","holdout_quantile_rmse","holdout_check_loss","rhs_tau","rhs_zeta2","posterior_draws","burn_in","ldvb_iter","ldvb_stop"
0.05,"VB",19.114,0.15270006898878,0.0692869945011147,0.471160680573158,0.157881772889576,0.2281889648319,9,3000,NA,286,"joint_converged"
0.05,"MCMC",136.985,0.161839581178214,0.0568915800485158,0.41878237443214,0.156425151942866,0.194874103830698,9,3000,2000,NA,NA
0.25,"VB",11.449,0.148357591085128,0.115153665659993,0.401215860848082,0.469207211272992,0.30146626861244,9,3000,NA,197,"joint_converged"
0.25,"MCMC",125.986,0.165961024822608,0.114494951407885,0.417344876181663,0.471424373748408,0.616052195660556,9,3000,2000,NA,NA
0.5,"VB",9.36900000000003,0.165926222383025,0.044881861294583,0.247258248483787,0.608353871497763,0.20318667758821,9,3000,NA,163,"joint_converged"
0.5,"MCMC",127.269,0.158632635084159,0.0445052247360677,0.238285217301031,0.607924477351033,0.170591220729914,9,3000,2000,NA,NA
