"p0","method","runtime_sec","active_signal_rmse","inactive_signal_mae","holdout_quantile_rmse","holdout_check_loss","rhs_tau","rhs_zeta2","posterior_draws","burn_in","ldvb_iter","ldvb_stop","truth_interval_cover_n","truth_interval_cover_total","truth_interval_cover_all"
0.05,"LDVB",20.31,0.10687249568374,0.033916417758209,0.674102311661424,0.173489088895217,0.189246646868555,9,3000,NA,301,"joint_converged",7,8,FALSE
0.05,"MCMC",135.046,0.0646292554276823,0.0356334851783603,0.589340606818053,0.169294198890965,0.584283285791106,9,3000,2000,NA,NA,8,8,TRUE
0.25,"LDVB",11.495,0.147683806288096,0.069116732856808,0.294895523600052,0.48941843448038,0.245654209405248,9,3000,NA,220,"joint_converged",6,8,FALSE
0.25,"MCMC",140.245,0.159527493276631,0.0455079168893792,0.2538538227593,0.489368719530337,0.272472471722431,9,3000,2000,NA,NA,8,8,TRUE
0.5,"LDVB",4.64499999999998,0.0863106249256206,0.0152226092703383,0.166929193374139,0.595194603994575,0.177309528184229,9,3000,NA,84,"joint_converged",8,8,TRUE
0.5,"MCMC",145.363,0.0700095841923184,0.0191397256295274,0.131200636101006,0.59380429945525,0.300302690027975,9,3000,2000,NA,NA,8,8,TRUE
