"p0","method","runtime_sec","active_signal_rmse","inactive_signal_mae","holdout_quantile_rmse","holdout_check_loss","rhs_tau","rhs_zeta2","ldvb_iter","ldvb_stop"
0.05,"LDVB",18.9769999999999,0.152292211652121,0.0687533858788612,0.473025375567013,0.15795144852559,0.2281889648319,9,286,"joint_converged"
0.05,"MCMC",38.3449999999998,0.173126200043386,0.0663360912407733,0.465809590024872,0.158127318630322,0.247178085479668,9,NA,NA
0.25,"LDVB",13.759,0.178614139807937,0.0491802163285793,0.368593429689916,0.487441979998461,0.215749787816103,9,242,"joint_converged"
0.25,"MCMC",35.7430000000004,0.146011168453435,0.0423763251462467,0.370356184363944,0.490250808592169,0.175065617456986,9,NA,NA
0.5,"LDVB",5.59900000000016,0.181762031889832,0.0545834050942473,0.382754387107822,0.605861317280542,0.221507583296055,9,93,"joint_converged"
0.5,"MCMC",35.4899999999998,0.206131501628108,0.0557610222334837,0.467365106226266,0.618745451761679,1.39808976663376,9,NA,NA
