"p0","method","runtime_sec","active_signal_rmse","inactive_signal_mae","holdout_quantile_rmse","holdout_check_loss","rhs_tau","rhs_zeta2","ldvb_iter","ldvb_stop"
0.05,"LDVB",19.792,0.152292211652121,0.0687533858788612,0.473025375567013,0.15795144852559,0.2281889648319,9,286,"joint_converged"
0.05,"MCMC",44.055,0.174391635165006,0.07083694297932,0.443530587800789,0.156945668760046,0.324908133081053,9,NA,NA
0.25,"LDVB",14.478,0.360416565317867,0.0623374186709547,0.554346826723324,0.525340748189112,0.231624668172682,9,260,"joint_converged_stabilized"
0.25,"MCMC",40.13,0.325589857696797,0.0499626103723387,0.558791742827627,0.524985984654068,0.760881567092347,9,NA,NA
0.5,"LDVB",5.40100000000001,0.228662427230695,0.0670926470557958,0.369325833274468,0.619813423713742,0.229823682184828,9,86,"joint_converged"
0.5,"MCMC",38.736,0.233958491387813,0.0755014609095496,0.403144140507571,0.622769616362218,0.530075671304972,9,NA,NA
