"case_label","p0","gamma","mu","sigma","max_abs_error","mean_abs_error","rmse"
"inv_A",0.3,0.1,1,1,9.8040758012008e-09,4.04841252051361e-09,4.95488597858924e-09
"inv_B",0.5,0,-1,0.9,5.55111512312578e-17,2.05596856412066e-18,0
"inv_C",0.8,0.1,2.5,1.8,9.94540860776993e-09,4.12166437057255e-09,4.88374129156648e-09
