"case_label","p0","gamma","mu","sigma","max_abs_error","mean_abs_error"
"samp_A",0.12,0.2,3,0.7,0.0270907899657615,0.0113203024872077
"samp_B",0.8,0.2,-2,1.6,0.0998457147725134,0.0600932362250968
"samp_C",0.35,0,0,1.2,0.0407096714854935,0.0301134449129462
